Name,Product Name,Description,Category,Type,Quantity,Estimated Cost,Total Cost,URL
"Main Controller ESP32","ESP32-WROOM-32D Development Board","EVAL BOARD FOR ESP-WROOM-32","electrical","mcu",1,7.50,7.50,"https://octopart.com/opatz8j6/a1?t=ePsjLvAuojODMNhezk47AGP9BN6V16YdpEnzObMuMc2-aVTtYhAVgCo-kih48s4p75fvLzWiZkMJ2sxT-frapKvD4bEaGqs9faJcNnuGHHoyxidhawPj79rQVXp-LZqUfgXxAXbHs4IIlThHwILz9WCOt5STv2HQnFVfHqnZXgGSe5uRBcPe3RnhTSPKrwuQ9_h0naYdgbdNs6ewmffOT_IAT5J11WkAzGiCjl8ZBkiaHsUUyCqz2l-9iaYie-bjjCO4_as1umcWkvTUgPNRfLba2wQwQQ"
"Left Drive Motor","12V DC Geared Motor (e.g., JGB37-520)","Powers the reciprocating action of the electric scissors.","electrical","actuator",1,15.00,15.00,"https://www.amazon.com/dp/B0G12TFR5Z?tag=blueprintam-20&linkCode=osi&th=1&psc=1"
"Right Drive Motor","12V DC Geared Motor (e.g., JGB37-520)","Powers the reciprocating action of the electric scissors.","electrical","actuator",1,15.00,15.00,"https://www.amazon.com/dp/B0G12TFR5Z?tag=blueprintam-20&linkCode=osi&th=1&psc=1"
"Motor Driver L298N","L298N Dual H-Bridge Motor Driver Module","Dual H-bridge motor driver to control the speed and direction of the DC swinging motor.","electrical","module",1,6.00,6.00,"https://s.click.aliexpress.com/s/fwx308cRD9Eny963e3KDdYxyIpNj8TXVr7saiF9Um5rMUg1kZtJALLnfa2LNXtiVgnxdD8Og6MmvwBoxhnSYQGM6r0c08U4TfX8DFGo7vviCuu3q62Q60OAhRZcqm3G8PtwM69xY7TOEWRrvulP5ukZQ4uQbBBtaVsdr6EffAqVmp3O5GyUANU2DoA3dJufNhDfh7KOlLgKIvRVhDxRESHLmea6fTE26gLUqKEUuuizJiLENrCbax94DZHDu8WhaXM9vQ86gzlqceNPO5w3vwXm4VrBF3x2lAMEl06wgNdTSMiT7cNG4HIdW0Jxw1Ej1a6CNXwWGh9rYhDU5nQ60BNRYIbL8m9kOGyXzV93p1iogVXNxlwVqCTJ0XjYqPXseAbS7n6DYgrtFQpaWtHxjlasW5wncB4ULRMY8n4fWone2g3AJaxiW1Jk3yUNzXpbChbDpH7RHlqSS3uGkTkhHVZHJRzaOWviSJTKBt6xSPwRtavJJJeKqU9G6sP7W53CKPnEaLSdJk7LkoNhtCRoHUA2ztbXKTGZAyuwbumLrQcu4ziQ31OpesAZ0Vudf1EEFZOtR14FiHHhHr1gqPyuVRZBbuDh0yiNpPJJQXPgoQmKDMKUbwYS27UOeqUS75CzNsQn0PH33KwHC8Tr02ASppIjqKXnq4ngXkJtchh5FEz1E1mvQq9wDQtl1j261guU0rRmoyLadixp4W60UrISYef0RlZIKI9VpNeAjxDimIz6caFneog9NKQ3XDguoOotY2RZ5JvFapyau3Wj8VW5YwBxkB897SHVyovJnoRoMtMASQmxg8Hqhixpm8Snh6l5IkpwAvjXIy8NIP9aK0LbnPJKklzVm6tTYU4qOHeEtN5DcWRlfTaHDwKHTb6mBJAh3502voJpFEFEBFPuTBFX2cVTKhEueEaUkbj27hUK2bsSuPpyxnU8v2tY3BydCFBnFIedkrDxBFoEHGewzzD"
"Seed Sowing Servo","MG996R Digital Metal Gear Servo","Servo motor for controlling the horizontal (pan) movement of the turret.","electrical","actuator",1,8.00,8.00,"https://s.click.aliexpress.com/s/fwx308cRD9Eny963e3KDdYxyIpNj8TXVr7saiF9Um5rMUg1kZtJALLnfa2LNXtiVgnxdD8Og6MmvwBoxhnSYQGM6r0c08U4TfX8DFGo7vviCuu3q62Q60OAhRZcqm3G8PtwM69xY7TOEWRrvulP5ukZQ4uQbBBtaVsdr6EffAqVmp3O5GyUANU2DoA3dJufNhDfh7KOlLgKIvRVhDxRESHLmea6fTE26gLUqKEUuuizJiLENrCbax94DZHDu8WhaXM9vQ86gzlqceNPO5w3vwXm4VrBF3x2lAMEl06wgNdTSMiT7cNG4HIdW0JxwXLfDheAfkijJuxfXiSJyIrZTfMe6ND6mibnMkUzmPenSF4DKMZbxk6xbpKmJPfiUQ5CMrN82fPIBQRkQhpkfaUK6TKFqqm2QDkVnNNMKYgwsn9QJiSuXgBdqvyk5RYoFUqwT5CENCabSuT25R1SXf8Oy50oXo1bi2awES8ghvDDy5KPQkzhgxkOhXQOhPHiWgINb9XMG5elA52YltWGpXjwSMCnanki3oC6cJ2TYcIfm0TVXlWRSaZ7wQCEjKMA7npwqHBy6u98eGnkUKkUO9IXCFPRCoBkVgsutaqrIG50gZq2y84Vu2QsBozO4Sclq9Dax5wz07e2VCXtRWHGlgIAMp9gohDPkURIlscTl58L8sjtOBhz5kX94dZ8lE0OS9UX1qyUPGDPS7XVckhnfvI32u4E1EiQpmihDe2Y3aRvKTjrtXaKfMR47JsABJK47OoxyIozL35wVhOvPq8Vj95lWfNAHPbv0nfneB0UiRlCfCvZIz0k8bGJvH8tdTmIt0szYpNK68dzhlcx0gwZiPbYJECrkPUHFRZDxJA1wGhiT7cebDs9eyi5O9V64sKMxkjlrbEJMUQBF4NWACOtK3AdoSgVWbB8DwTodnMmjAAyiCcQsB5h19XcSvhspp65VJb3xFpBA5FCHe1mS7mS7EF"
"Wheel Distance Encoder","Rotary Encoder Module (e.g., KY-040)","Incremental rotary encoder to measure the throwing arm's angle for optimal launch timing.","electrical","sensor",1,3.00,3.00,"https://www.amazon.com/s?k=rotary+encoder+KY-040"
"Ploughing Linear Actuator","12V 100N 50mm Stroke Linear Actuator","","electrical","actuator",1,25.00,25.00,"https://s.click.aliexpress.com/s/fwx308cRD9Eny963e3KDdYxyIpNj8TXVr7saiF9Um5rMUg1kZtJALLnfa2LNXtiVgnxdD8Og6MmvwBoxhnSYQGM6r0c08U4TfX8DFGo7vviCuu3q62Q60OAhRZcqm3G8PtwM69xY7TOEWRrvulP5ukZQ4uQbBBtaVsdr6EffAqVmp3O5GyUANU2DoA3dJufNhDfh7KOlLgKIvRVhDxRESHLmea6fTE26gLUqKEUuuizJiLENrCbax94DZHDu8WhaXM9vQ86gzlqceNPO5w3vwXm4VrBF3x4smELgOJHTq5O0Jp3xy6k87okdOawvRkaLWCU5HZ67oGagnWHm3UIocTWqMMvo76I738L5U8WBgYESjYCOPbbZN0TvfPo4o62e4VWGSunc1t2Icys99laU7zAJrir5HgRwaLN4ZrD2zUOuN9O3ktf7xcA0HmckR1AHZYB3bN4JvhD8AFzAslAMAoqJ3rqRilnCkwg2o6AW2VR0tXWsSyjLRzbI4qJWUykRTU8zFIqmZFThWesyUugTWqPimeKrLt3DnMWpHfKtDs0uaXXa4IZqtQDX55FG2W7gceRSXGBWF2Vkiww8XQfsDhZVoey7AZigrSIqmnWbIbu0q0QKWU0SPfUWfMNDAo6hjKkVmX3pse9OFs4pthKdaK7fBtADjbCryJgKbjleiip4YPtr8W6oeo37z89OOdNf0ZtlhSu1DBeRFhvTPjEsuLvS4vMmHxoTqeviD31p5iboTL0hMEnNWZds7OhbbUsvceUFUhUQMaKVoFmULOv1gMZUUKvJ74KSpDBbxFuGIipm9kw2Y4K6enF7uiYeOK0EHRciivvfhnJEzPe8QGNlZH4PE1sxBUxtPtQ1B33X8aRZwFTlXWJcN1ubRLx88C4v8bUuCMRwPhavx1ItzATO8qnhFgQgI2zSxtAXcx2sUgRVsYhxv1sgc5dfcN1hIpUvdpxiH07cAvZLMkhlsr"
"Plough Depth Limit Switch","Micro Limit Switch (e.g., KW11-3Z)","Detects if a bag is correctly positioned for vacuum sealing.","electrical","sensor",1,1.00,1.00,"https://www.amazon.com/dp/B07Z8W2S92?tag=blueprintam-20&linkCode=osi&th=1&psc=1"
"Water Pump for Spraying","12V DC Diaphragm Water Pump","Transfers water from the tank to the spray bar.","electrical","actuator",1,18.00,18.00,"https://s.click.aliexpress.com/s/fwx308cRD9Eny963e3KDdYxyIpNj8TXVr7saiF9Um5rMUg1kZtJALLnfa2LNXtiVgnxdD8Og6MmvwBoxhnSYQGM6r0c08U4TfX8DFGo7vviCuu3q62Q60OAhRZcqm3G8PtwM69xY7TOEWRrvulP5ukZQ4uQbBBtaVsdr6EffAqVmp3O5GyUANU2DoA3dJufNhDfh7KOlLgKIvRVhDxRESHLmea6fTE26gLUqKEUuuizJiLENrCbax94DZHDu8WhaXM9vQ86gzlqceNPO5w3vwXm4VrBF3x2lAMEl06wgNdTSMiT7cNG4HIdW0Jxh3gr8IiECe2EZsnyeuRkYyhbiWKlyQhIUZwlUSPRCxUTexAsNgSh5xZjYrxM8VCJDewUsbltbGj2AylPNEcoCW0FMGUXlNqyKEqT5QUwPA2gv0OkFnolKwHyaUdFJk5MHY4vTA4xyiIBWWCIrH7VHYGbwI93fWCLXdjmssZ3wKiHZqI1ZjJVxKzh1UT9ZlolP7qC8NOPBdg9LK1HCaroIqKHDnflstLsfqABapfArYLPZbHTVB5ngLzMHKicspvBQM08dHj55zU1eg8HBRjglnUPKNdcb9xFxf9z1R2SYuNvXg8Zovv5uyV9Fj67ofjoUpKNfFU081VlSoQCxbeiMHnk205JXQLXKXgrIQI0PNRtpk7Jnku8SADfeXf1DFjVvQFPypdypeCarx3Nz1aFuubLouXI2oQjFGepspnBE7v7r2EJnkHO2NuzPjwQMfZfa6E7Nxg7h8ErdgcWM5dNQkCq2q1sOjgZNBrFSf342kHuJ9jb4kUNd0ho35EsIY5bDnyBav9bDP6UmAhdieUz8TnULnUMG8M0WxcwH1YEmLc5OhrIv70qR4Qrn11Y1qpCYmMIf4dsxbgqfIiozkHcKvduBprUBM5j3jPQ8nCtX9hrLvGUlIK7KkPjrswbj8uVP6KmeD11ncx2GmFsgxavEh5"
"Pump Relay Module","5V Single Channel Relay Module","Relay to switch the aquarium light on/off.","electrical","module",1,2.50,2.50,"https://www.amazon.com/dp/B095YD3732?tag=blueprintam-20&linkCode=osi&th=1&psc=1"
"Spraying Solenoid Valve","12V DC Solenoid Valve (normally closed)","Controls the release of compressed air for propulsion.","electrical","actuator",1,9.00,9.00,"https://s.click.aliexpress.com/s/fwx308cRD9Eny963e3KDdYxyIpNj8TXVr7saiF9Um5rMUg1kZtJALLnfa2LNXtiVgnxdD8Og6MmvwBoxhnSYQGM6r0c08U4TfX8DFGo7vviCuu3q62Q60OAhRZcqm3G8PtwM69xY7TOEWRrvulP5ukZQ4uQbBBtaVsdr6EffAqVmp3O5GyUANU2DoA3dJufNhDfh7KOlLgKIvRVhDxRESHLmea6fTE26gLUqKEUuuizJiLENrCbax94DZHDu8WhaXM9vQ86gzlqceNPO5w3vwXm4VrBF3x2lAMEl06wgNdTSMiT7cNG4HIdW0JxwZGgsHuNsLzrJC3sS5ctqL4Cdxl1JlyRzYL6Hg9nlCJX2NmTZOWATt2gIMudwtlMEP0o1KBt6fSI3QKATWUQsfgNwhwkbMFB1LqXAXWh4bE6TlpLHDi6RT2jXOsq8yVVlB3jK3uCj3UJdIFSkY5ZPzHoIgJ2kr7s2ITArDdfsIrmkE1ys6QQnWdYfsZUesJYHPhGoQ3915SupkjSpbwV1W6khb440lNywsvFzs5xEMlhFWyHUXGdAzGJAdl5rNFyh7dZSssKW27V4KxSKj4vVLBObQv14koIhJHmxrTfvHtqTYcYJdxJ5aMqN0WXZon5LJOxk07dxHwUsbyml0O7K97K7Lk0K6To34n6JMJjWGgGs2Z4zglkAupgKET61In9JPb30G8nfN4ZjGkT8rYTfC0s7lcoDmanSvQiuXUj36gWWXNKOItjsEWC1zgBa3ep1t9RFOPrU56nWEE3m219HUgj5wJkAYVoWfoRz577fk0mxsVKNiLUASfAfd5Tt5U9gLovkYQq4cgB9vdy9o8wkkeyuBN5Of9mMHdEdMnkEarrvwNUG5gC87wG85iwxRtSTWoD4CFfGhH0cpUUsnQjQt29T5iGZ1ERpyeEsBRirzzwPUONv95KyY9wMr7OW46MXcURIkpXgZsBiQ6Bd1REPSL"
"Soil Moisture Sensor","Capacitive Soil Moisture Sensor (e.g., V1.2)","Measures soil moisture levels to inform watering decisions.","electrical","sensor",1,4.00,4.00,"https://www.amazon.com/s?k=capacitive+soil+moisture+sensor+V1.2"
"GPS Module","NEO-6M GPS Module","Provides location data for anti-theft and tracking.","electrical","module",1,12.00,12.00,"https://s.click.aliexpress.com/s/fwx308cRD9Eny963e3KDdYxyIpNj8TXVr7saiF9Um5rMUg1kZtJALLnfa2LNXtiVgnxdD8Og6MmvwBoxhnSYQGM6r0c08U4TfX8DFGo7vviCuu3q62Q60OAhRZcqm3G8PtwM69xY7TOEWRrvulP5ukZQ4uQbBBtaVsdr6EffAqVmp3O5GyUANU2DoA3dJufNhDfh7KOlLgKIvRVhDxRESHLmea6fTE26gLUqKEUuuizJiLENrCbax94DZHDu8WhaXM9vQ86gzlqceNPO5w3vwXm4VrBF3x2lAMEl06wgNdTSMiT7cNG4HIdW0JxgwZ5bKpus0szzmMOeZ2UIvVpZDBY5h4k7XWnuGq1xtn3pvzokO5IRZ1vTZdvbLxpehW1XBNTlYkfsmD1ZYTmpqMPUHxe1mIFcOHaCNokb2StTyuyXeDj6lsRoA8AC06ijPr9UwCOMCRtcCGghsPntILmG9cCQl85BicfqLEFqZRBXcG7Jt4OXFawAeMcxvDxZVNu9Lh3vjeYjQhpHCpHq13Itpzyh0SfEqGDkWe3rg6xEqKGAbEKl8AiDywdDH2KVnf2p41lueffobgQTapQRYrW4Go787f8cA0zaBuK4KgQKn5fJNONFJl730pJA6wuSASoRuFL2M2RrCLrlk3i4YoEMx70sp3ppwqSeckrepSww8NTj1RzNczyfzeBhSJ969Y2E6PNgQTO6R2HbpKEuvSBkwL4jt9p9XO1zLPvuOEW4h3KBnHmdbA3SZQ6sRoIcde4nEqfX9ZbUexLyIepzvtQeW61Vhi0RsPWqSjC6ro7k6dph0O4NIDGokbOSxehIKdc5PXuBIcGFh1B2YCftGa3noLDnDu1N666BtEWAX9t2wFp3b3Ni6pfSPBPJTDz8ldblVTyLtwQUo8KjlWpRwPVQZSeTHkUMHllr9sxisWw7ArwrF4OOc2EttHqT0f3M7tyDu7FdUbddtIbtdejac7"
"Obstacle Ultrasonic Sensor","HC-SR04 Ultrasonic Sensor","ULTRASONIC HC-SR04 SENSOR EASYC","electrical","sensor",1,2.50,2.50,"https://www.adafruit.com/product/4007"
"Main Battery Pack","12V Li-ion Battery Pack (e.g., 3S)","Rechargeable power source for portable operation. High discharge rate needed for Peltiers.","electrical","power",1,40.00,40.00,"https://www.amazon.com/dp/B0C243MXMQ?tag=blueprintam-20&linkCode=osi&th=1&psc=1"
"5V Step-down Converter","LM2596 DC-DC Buck Converter Module","Step-down voltage regulator to convert 12V to 5V for the microcontroller and sensors.","electrical","power",1,3.00,3.00,"https://s.click.aliexpress.com/s/fwx308cRD9Eny963e3KDdYxyIpNj8TXVr7saiF9Um5rMUg1kZtJALLnfa2LNXtiVgnxdD8Og6MmvwBoxhnSYQGM6r0c08U4TfX8DFGo7vviCuu3q62Q60OAhRZcqm3G8PtwM69xY7TOEWRrvulP5ukZQ4uQbBBtaVsdr6EffAqVmp3O5GyUANU2DoA3dJufNhDfh7KOlLgKIvRVhDxRESHLmea6fTE26gLUqKEUuuizJiLENrCbax94DZHDu8WhaXM9vQ86gzlqceNPO5w3vwXm4VrBF3x2lAMEl06wgNdTSMiT7cNG4HIdW0JxfxyvZuXFg7GymQIiWhjuNtVTPqj3Lo4XOZwXfyPinxUunYhcnzsECmhQXvQMwBZFO7y8k7xoMt4iHjuv8bTZiSwN9PdOaJjeEstgI5aHcGyrbRTjMrq76aa3rCOGKKow9ilh4RN26OW5032Q8A2ovdeUBL8On7LAmb3PpqilGVbgAqyzJUf4vUSlpGbWyNwnHJQC59F7HfkNmMAbPGABOWfsLqrZyZnZpqGsAlYm4qo9o0CbR4CekVi511lmJV8Db7lnVqPdeSTULq9VwHuUzF26qVb4pJCOMLfP7CIucHT9JWns8gVz4mtI0hRZhC8Jq2LuwiNZWltkCBtPSqDc0aZfVDWEOwgYoz6Hr748Ujnb5MOghxGRrBLUcy1LNcH5ZyAsLAXTvKAUcghaQSTKKvZUmZhR8K2ZGkHHmSldb5Yt0GmRQtYidPrxgtubvF2SnZnKozGziLBfNzSYLU3rFNe3hBX2PFWrC37l3APka3ZBboyS8GLDuvJm4fmdzPqpKq6kueHSuP60R9uG5WESQJX0Ge2eV4AEkfIx0X0PoUJiNlx46vSzJoLOLXhwWDSJEtQxuumz5cjZlkCCKXHEzPDNmz0Lj1VEy7wFMfoLK9HLd7EPxb3AerDlrYOFhG642RU4SSptpu2AL1rESpj2ryf"
"Chassis Base Plate","Aluminum Plate","Main structural base for mounting all components.","mechanical","structural",1,25.00,25.00,"https://www.adafruit.com/product/1220"
"Chassis Left Side Panel","Aluminum Angle Bar","Provides structural support and side mounting for components.","mechanical","structural",1,10.00,10.00,"https://s.click.aliexpress.com/s/fwx308cRD9Eny963e3KDdYxyIpNj8TXVr7saiF9Um5rMUg1kZtJALLnfa2LNXtiVgnxdD8Og6MmvwBoxhnSYQGM6r0c08U4TfX8DFGo7vviCuu3q62Q60OAhRZcqm3G8PtwM69xY7TOEWRrvulP5ukZQ4uQbBBtaVsdr6EffAqVmp3O5GyUANU2DoA3dJufNhDfh7KOlLgKIvRVhDxRESHLmea6fTE26gLUqKEUuuizJiLENrCbax94DZHDu8WhaXM9vQ86gzlqceNPO5w3vwXm4VrBF3x2lAMEl06wgNdTSMiT7cNG4HIdW0JxfJqaigWyVwO6orhmPUqVfkojvO3JyRO4oT3N5Gb7w5WauPoY2vDTGMVL2q67Qy8wL32iE9dq5CEcRhsXPxcHbFni9cZZcuK2jFlSQhUH4ol2arxEkRNapVAxE5WkBWdtNctvKUGLCMQ4RHXnK0r9YiU9FDA75bWegBmkLeBucnLRvXW0KDLJAhBftdF0DjH7qHioNLqVOKkcjcacnNj2ZfyrChQHOfx4WIzNJWWwy37gDbFG3buX13zZTKh50veAyfGu1d8DxFzbUvrHYrdH4yZDEmECabg2hEvrJDg6kmm20XsxMUrTstp14SYZomn636BiZ6F7kPEyKy0bdb0XpjVSFZlHlnMjmMPXoOXNvxjTLFyXu0K4VVKbeVVdlprNJZZtRwlnKGsKgaLYAPi7aKSm6rEmjHKeIHNgHFqALfUqVgtlplZP18gT5wOO869loWm4GVIKuXh5LpAhNGxLgt8VT7vqBQyDo7FS2TuHeNrl5XVJRL5XERyhnsgnzikVrI8at4wWwthJaJ6DLkrb0y1f2zX1FQVqJNVJAU2cfKpH6ZSRgTi5L7SedS1Up6pcDLuntKetSVW2qdUskjR8zV4F1stviVX9AT8lqKtpxkwHi7GH76ATMkOnZEsghdVIGQdptH28TQQO4JO7cYxCtuf"
"Chassis Right Side Panel","Aluminum Angle Bar","Provides structural support and side mounting for components.","mechanical","structural",1,10.00,10.00,"https://s.click.aliexpress.com/s/fwx308cRD9Eny963e3KDdYxyIpNj8TXVr7saiF9Um5rMUg1kZtJALLnfa2LNXtiVgnxdD8Og6MmvwBoxhnSYQGM6r0c08U4TfX8DFGo7vviCuu3q62Q60OAhRZcqm3G8PtwM69xY7TOEWRrvulP5ukZQ4uQbBBtaVsdr6EffAqVmp3O5GyUANU2DoA3dJufNhDfh7KOlLgKIvRVhDxRESHLmea6fTE26gLUqKEUuuizJiLENrCbax94DZHDu8WhaXM9vQ86gzlqceNPO5w3vwXm4VrBF3x2lAMEl06wgNdTSMiT7cNG4HIdW0JxfJqaigWyVwO6orhmPUqVfkojvO3JyRO4oT3N5Gb7w5WauPoY2vDTGMVL2q67Qy8wL32iE9dq5CEcRhsXPxcHbFni9cZZcuK2jFlSQhUH4ol2arxEkRNapVAxE5WkBWdtNctvKUGLCMQ4RHXnK0r9YiU9FDA75bWegBmkLeBucnLRvXW0KDLJAhBftdF0DjH7qHioNLqVOKkcjcacnNj2ZfyrChQHOfx4WIzNJWWwy37gDbFG3buX13zZTKh50veAyfGu1d8DxFzbUvrHYrdH4yZDEmECabg2hEvrJDg6kmm20XsxMUrTstp14SYZomn636BiZ6F7kPEyKy0bdb0XpjVSFZlHlnMjmMPXoOXNvxjTLFyXu0K4VVKbeVVdlprNJZZtRwlnKGsKgaLYAPi7aKSm6rEmjHKeIHNgHFqALfUqVgtlplZP18gT5wOO869loWm4GVIKuXh5LpAhNGxLgt8VT7vqBQyDo7FS2TuHeNrl5XVJRL5XERyhnsgnzikVrI8at4wWwthJaJ6DLkrb0y1f2zX1FQVqJNVJAU2cfKpH6ZSRgTi5L7SedS1Up6pcDLuntKetSVW2qdUskjR8zV4F1stviVX9AT8lqKtpxkwHi7GH76ATMkOnZEsghdVIGQdptH28TQQO4JO7cYxCtuf"
"Chassis Front Panel","Aluminum Plate","Front panel for mounting sensors and providing structural rigidity.","mechanical","structural",1,8.00,8.00,"https://www.adafruit.com/product/1220"
"Chassis Rear Panel","Aluminum Plate","Rear panel for mounting components and providing structural rigidity.","mechanical","structural",1,8.00,8.00,"https://www.adafruit.com/product/1220"
"Left Front Wheel","Rubber Wheel for Robotics","Durable rubber wheel for uneven terrain.","mechanical","mechanism",1,7.50,7.50,"https://s.click.aliexpress.com/s/fwx308cRD9Eny963e3KDdYxyIpNj8TXVr7saiF9Um5rMUg1kZtJALLnfa2LNXtiVgnxdD8Og6MmvwBoxhnSYQGM6r0c08U4TfX8DFGo7vviCuu3q62Q60OAhRZcqm3G8PtwM69xY7TOEWRrvulP5ukZQ4uQbBBtaVsdr6EffAqVmp3O5GyUANU2DoA3dJufNhDfh7KOlLgKIvRVhDxRESHLmea6fTE26gLUqKEUuuizJiLENrCbax94DZHDu8WhaXM9vQ86gzlqceNPO5w3vwXm4VrBF3x2lAMEl06wgNdTSMiT7cNG4HIdW0JxRpYITWZ9Bwq2DfilpmsWUnlJUNVUfWVWRRGTnPmnxDghE5dmIfgb5sCVn30rjKcOGAHGbqs7JF8amUstgGd9VjDOkYOcvKN1r9LutuwlCdUoWiKXOzDJ3LfAoDUSgMQp8h6B9BcFy4VnqBAzuhXVpledaSYPpyqa0cfkBHdl75gkmQVc1ATCWLObKXn3QHCR1SFHRbKeok5MhHqrbtiF0fHZCFEo7WTDNrwAsuqOwcCBKhDkpCZ7jeKthGUe9U9lJ4v60rHW3gTlRu19lBqgIRfjyoMcEcXZtXFgMRfGK82AOmgXrAl3gProDPU9mRrNIOQ5x6SjGi2sFGt6mhPuWZvFjqlPKytFOLPWzROAjrzqSw9vyTvVhtG0VtfGuQ7cXAlt2gL7GMSFtP6pB2JvdPeRSpz8dnGtu9aBYuzNXeb9svytGyS66eXK6vVqHbba7XL29VViBFuCX6LwFrUfsjnB2WdCVPfhYxH99dBYOgpHE2KIPnwHZbheC2erYfvAFRVoxB3D1a52WQ8ScHcUeWVGXThn4toICOYJDAFZcpxfg7g156O44RFKNlrz9CRTZZqAh6VnThtKVIBmE0Cdi2oJWWQcLLeyDw4N2cHXF9mGCu0ZiJbb2lNspIYuKnBtUVucPagIPgYBjk0adjGFhX5"
"Right Front Wheel","Rubber Wheel for Robotics","Durable rubber wheel for uneven terrain.","mechanical","mechanism",1,7.50,7.50,"https://s.click.aliexpress.com/s/fwx308cRD9Eny963e3KDdYxyIpNj8TXVr7saiF9Um5rMUg1kZtJALLnfa2LNXtiVgnxdD8Og6MmvwBoxhnSYQGM6r0c08U4TfX8DFGo7vviCuu3q62Q60OAhRZcqm3G8PtwM69xY7TOEWRrvulP5ukZQ4uQbBBtaVsdr6EffAqVmp3O5GyUANU2DoA3dJufNhDfh7KOlLgKIvRVhDxRESHLmea6fTE26gLUqKEUuuizJiLENrCbax94DZHDu8WhaXM9vQ86gzlqceNPO5w3vwXm4VrBF3x2lAMEl06wgNdTSMiT7cNG4HIdW0JxRpYITWZ9Bwq2DfilpmsWUnlJUNVUfWVWRRGTnPmnxDghE5dmIfgb5sCVn30rjKcOGAHGbqs7JF8amUstgGd9VjDOkYOcvKN1r9LutuwlCdUoWiKXOzDJ3LfAoDUSgMQp8h6B9BcFy4VnqBAzuhXVpledaSYPpyqa0cfkBHdl75gkmQVc1ATCWLObKXn3QHCR1SFHRbKeok5MhHqrbtiF0fHZCFEo7WTDNrwAsuqOwcCBKhDkpCZ7jeKthGUe9U9lJ4v60rHW3gTlRu19lBqgIRfjyoMcEcXZtXFgMRfGK82AOmgXrAl3gProDPU9mRrNIOQ5x6SjGi2sFGt6mhPuWZvFjqlPKytFOLPWzROAjrzqSw9vyTvVhtG0VtfGuQ7cXAlt2gL7GMSFtP6pB2JvdPeRSpz8dnGtu9aBYuzNXeb9svytGyS66eXK6vVqHbba7XL29VViBFuCX6LwFrUfsjnB2WdCVPfhYxH99dBYOgpHE2KIPnwHZbheC2erYfvAFRVoxB3D1a52WQ8ScHcUeWVGXThn4toICOYJDAFZcpxfg7g156O44RFKNlrz9CRTZZqAh6VnThtKVIBmE0Cdi2oJWWQcLLeyDw4N2cHXF9mGCu0ZiJbb2lNspIYuKnBtUVucPagIPgYBjk0adjGFhX5"
"Left Rear Wheel","Rubber Wheel for Robotics","Durable rubber wheel for uneven terrain.","mechanical","mechanism",1,7.50,7.50,"https://s.click.aliexpress.com/s/fwx308cRD9Eny963e3KDdYxyIpNj8TXVr7saiF9Um5rMUg1kZtJALLnfa2LNXtiVgnxdD8Og6MmvwBoxhnSYQGM6r0c08U4TfX8DFGo7vviCuu3q62Q60OAhRZcqm3G8PtwM69xY7TOEWRrvulP5ukZQ4uQbBBtaVsdr6EffAqVmp3O5GyUANU2DoA3dJufNhDfh7KOlLgKIvRVhDxRESHLmea6fTE26gLUqKEUuuizJiLENrCbax94DZHDu8WhaXM9vQ86gzlqceNPO5w3vwXm4VrBF3x2lAMEl06wgNdTSMiT7cNG4HIdW0JxRpYITWZ9Bwq2DfilpmsWUnlJUNVUfWVWRRGTnPmnxDghE5dmIfgb5sCVn30rjKcOGAHGbqs7JF8amUstgGd9VjDOkYOcvKN1r9LutuwlCdUoWiKXOzDJ3LfAoDUSgMQp8h6B9BcFy4VnqBAzuhXVpledaSYPpyqa0cfkBHdl75gkmQVc1ATCWLObKXn3QHCR1SFHRbKeok5MhHqrbtiF0fHZCFEo7WTDNrwAsuqOwcCBKhDkpCZ7jeKthGUe9U9lJ4v60rHW3gTlRu19lBqgIRfjyoMcEcXZtXFgMRfGK82AOmgXrAl3gProDPU9mRrNIOQ5x6SjGi2sFGt6mhPuWZvFjqlPKytFOLPWzROAjrzqSw9vyTvVhtG0VtfGuQ7cXAlt2gL7GMSFtP6pB2JvdPeRSpz8dnGtu9aBYuzNXeb9svytGyS66eXK6vVqHbba7XL29VViBFuCX6LwFrUfsjnB2WdCVPfhYxH99dBYOgpHE2KIPnwHZbheC2erYfvAFRVoxB3D1a52WQ8ScHcUeWVGXThn4toICOYJDAFZcpxfg7g156O44RFKNlrz9CRTZZqAh6VnThtKVIBmE0Cdi2oJWWQcLLeyDw4N2cHXF9mGCu0ZiJbb2lNspIYuKnBtUVucPagIPgYBjk0adjGFhX5"
"Right Rear Wheel","Rubber Wheel for Robotics","Durable rubber wheel for uneven terrain.","mechanical","mechanism",1,7.50,7.50,"https://s.click.aliexpress.com/s/fwx308cRD9Eny963e3KDdYxyIpNj8TXVr7saiF9Um5rMUg1kZtJALLnfa2LNXtiVgnxdD8Og6MmvwBoxhnSYQGM6r0c08U4TfX8DFGo7vviCuu3q62Q60OAhRZcqm3G8PtwM69xY7TOEWRrvulP5ukZQ4uQbBBtaVsdr6EffAqVmp3O5GyUANU2DoA3dJufNhDfh7KOlLgKIvRVhDxRESHLmea6fTE26gLUqKEUuuizJiLENrCbax94DZHDu8WhaXM9vQ86gzlqceNPO5w3vwXm4VrBF3x2lAMEl06wgNdTSMiT7cNG4HIdW0JxRpYITWZ9Bwq2DfilpmsWUnlJUNVUfWVWRRGTnPmnxDghE5dmIfgb5sCVn30rjKcOGAHGbqs7JF8amUstgGd9VjDOkYOcvKN1r9LutuwlCdUoWiKXOzDJ3LfAoDUSgMQp8h6B9BcFy4VnqBAzuhXVpledaSYPpyqa0cfkBHdl75gkmQVc1ATCWLObKXn3QHCR1SFHRbKeok5MhHqrbtiF0fHZCFEo7WTDNrwAsuqOwcCBKhDkpCZ7jeKthGUe9U9lJ4v60rHW3gTlRu19lBqgIRfjyoMcEcXZtXFgMRfGK82AOmgXrAl3gProDPU9mRrNIOQ5x6SjGi2sFGt6mhPuWZvFjqlPKytFOLPWzROAjrzqSw9vyTvVhtG0VtfGuQ7cXAlt2gL7GMSFtP6pB2JvdPeRSpz8dnGtu9aBYuzNXeb9svytGyS66eXK6vVqHbba7XL29VViBFuCX6LwFrUfsjnB2WdCVPfhYxH99dBYOgpHE2KIPnwHZbheC2erYfvAFRVoxB3D1a52WQ8ScHcUeWVGXThn4toICOYJDAFZcpxfg7g156O44RFKNlrz9CRTZZqAh6VnThtKVIBmE0Cdi2oJWWQcLLeyDw4N2cHXF9mGCu0ZiJbb2lNspIYuKnBtUVucPagIPgYBjk0adjGFhX5"
"Left Drive Motor Mount","","Mounting bracket for the left drive motor.","mechanical","3d_printed",1,1.50,1.50,"undefined"
"Right Drive Motor Mount","","Mounting bracket for the right drive motor.","mechanical","3d_printed",1,1.50,1.50,"undefined"
"Left Motor Shaft Coupler","Motor Shaft Coupler","Connects left drive motor shaft to wheel axle.","mechanical","mechanism",1,3.00,3.00,"https://s.click.aliexpress.com/s/fwx308cRD9Eny963e3KDdYxyIpNj8TXVr7saiF9Um5rMUg1kZtJALLnfa2LNXtiVgnxdD8Og6MmvwBoxhnSYQGM6r0c08U4TfX8DFGo7vviCuu3q62Q60OAhRZcqm3G8PtwM69xY7TOEWRrvulP5ukZQ4uQbBBtaVsdr6EffAqVmp3O5GyUANU2DoA3dJufNhDfh7KOlLgKIvRVhDxRESHLmea6fTE26gLUqKEUuuizJiLENrCbax94DZHDu8WhaXM9vQ86gzlqceNPO5w3vwXm4VrBF3x2lAMEl06wgNdTSMiT7cNG4HIdW0JxRR6QclOAtx9Ces0XUPEboBtOtCM3cMt1Xo8za68DcXYMDymDiuR0SInatgtfM1JdIdISiM4fwRLhgyqIHuOLE7UFUUDvXuLhGkeEP4NQ41K3biniWEjgvkr5Tz31OKhCbXtJdIooOlIfNmqiPZy6wcmttI6F3nx5SGwaZHu9HQM7YtRKfs0DCawGHgr7AwSmzTfEaFHbhbythlg0wlOTTMAzDOABsJaKl2a1yoo8xUHa0zGYCRKIebCaJis3hHELJJnAZEgsvAke9KxQBtd0Jyd4Z4roXonN452kdzgkHQdMRuibw0oK8BDcNfeNVsTBxViGzAaVyHVVprKTqxgISkYuZ3amdrMGkHPYtrIpRm1f675cuMQPssRwG4rI88gLaJJo14RslmhBr5AeJyWS8K87TmkvmVqV9f59ce8DvboiUMwCDSQveY4O5nXYL0gsZmo4iZCAS5E0JOBXUyKpJ4ozuavdk3N8SIPiX7y04YLnzxZAAXXK2yRFXcSjkFQJrsut260IJcv3PPvhOThb2nMpZ0aapAEs2iqopgb8AfkxWKansTZ7kOE4tDNuJF3P1bLT2n3G5Rw4pTzARz7atQIHAt1PMUNeRvMjEuRxNYVEUHO48WLfs8IiJnt2aBLTQESIaT823t3RGDv23LHMhJ9"
"Right Motor Shaft Coupler","Motor Shaft Coupler","Connects right drive motor shaft to wheel axle.","mechanical","mechanism",1,3.00,3.00,"https://s.click.aliexpress.com/s/fwx308cRD9Eny963e3KDdYxyIpNj8TXVr7saiF9Um5rMUg1kZtJALLnfa2LNXtiVgnxdD8Og6MmvwBoxhnSYQGM6r0c08U4TfX8DFGo7vviCuu3q62Q60OAhRZcqm3G8PtwM69xY7TOEWRrvulP5ukZQ4uQbBBtaVsdr6EffAqVmp3O5GyUANU2DoA3dJufNhDfh7KOlLgKIvRVhDxRESHLmea6fTE26gLUqKEUuuizJiLENrCbax94DZHDu8WhaXM9vQ86gzlqceNPO5w3vwXm4VrBF3x2lAMEl06wgNdTSMiT7cNG4HIdW0JxRR6QclOAtx9Ces0XUPEboBtOtCM3cMt1Xo8za68DcXYMDymDiuR0SInatgtfM1JdIdISiM4fwRLhgyqIHuOLE7UFUUDvXuLhGkeEP4NQ41K3biniWEjgvkr5Tz31OKhCbXtJdIooOlIfNmqiPZy6wcmttI6F3nx5SGwaZHu9HQM7YtRKfs0DCawGHgr7AwSmzTfEaFHbhbythlg0wlOTTMAzDOABsJaKl2a1yoo8xUHa0zGYCRKIebCaJis3hHELJJnAZEgsvAke9KxQBtd0Jyd4Z4roXonN452kdzgkHQdMRuibw0oK8BDcNfeNVsTBxViGzAaVyHVVprKTqxgISkYuZ3amdrMGkHPYtrIpRm1f675cuMQPssRwG4rI88gLaJJo14RslmhBr5AeJyWS8K87TmkvmVqV9f59ce8DvboiUMwCDSQveY4O5nXYL0gsZmo4iZCAS5E0JOBXUyKpJ4ozuavdk3N8SIPiX7y04YLnzxZAAXXK2yRFXcSjkFQJrsut260IJcv3PPvhOThb2nMpZ0aapAEs2iqopgb8AfkxWKansTZ7kOE4tDNuJF3P1bLT2n3G5Rw4pTzARz7atQIHAt1PMUNeRvMjEuRxNYVEUHO48WLfs8IiJnt2aBLTQESIaT823t3RGDv23LHMhJ9"
"Left Wheel Axle Shaft","Stainless Steel Rod","Axle for the left wheels.","mechanical","mechanism",1,4.00,4.00,"https://www.adafruit.com/product/3718"
"Right Wheel Axle Shaft","Stainless Steel Rod","Axle for the right wheels.","mechanical","mechanism",1,4.00,4.00,"https://www.adafruit.com/product/3718"
"Seed Hopper","Plastic Funnel Container","Container to hold seeds for sowing.","mechanical","structural",1,12.00,12.00,"https://s.click.aliexpress.com/s/fwx308cRD9Eny963e3KDdYxyIpNj8TXVr7saiF9Um5rMUg1kZtJALLnfa2LNXtiVgnxdD8Og6MmvwBoxhnSYQGM6r0c08U4TfX8DFGo7vviCuu3q62Q60OAhRZcqm3G8PtwM69xY7TOEWRrvulP5ukZQ4uQbBBtaVsdr6EffAqVmp3O5GyUANU2DoA3dJufNhDfh7KOlLgKIvRVhDxRESHLmea6fTE26gLUqKEUuuizJiLENrCbax94DZHDu8WhaXM9vQ86gzlqceNPO5w3vwXm4VrBF3x2lAMEl06wgNdTSMiT7cNG4HIdW0JxvQMy4jtnaobVVZPIjNoDhS7aMsOsPZaHVH7DnKEDUoyYWuwJHc2uwKPatj1UPjB0vvqJY51e1RZbSEzZLJrETJmFAENlRpfUla3qUnDZwLLcELPTqx9CbU3UNzrJYhUAUmzo9cXRV7rY5yoswJ9Hx8u9EgKYSSkyzhsFMn71pT5E2Eo92v5VxXtoFGMf3LWKgizF63ZbkoBGbxaeiMUlH8j02MF0VwYHD4zE5M1h7PuVTGxr0AcpGFa9RZ0XHVcjclepAUBCNHR8kaLy1RIq3KsSg6iws3L67sRekUEnOEKwGi9kUzIBKFYopvx1aomO2yWNHR7bOUFqXrg1W410puKOUyh3vAxmBvMIxH6OgyeVzcqzhqhEvGzwtsNLUpBcOYKfP53AqTmSr1zwoHTP6RU0kUqsO9l55uqjIfFT6UWqC7Dxyu2IapQx2GnKtNg1y49eHC5sE5U2OOxSTKsBztmCWzinZGgCkukJhiGt7Ipub7zAIzEIzCZ5RncXmLrenblMMpYvD1op9asLcNEdN7DTH1y8C3hVFihLPVjSijYsIVGrUPNtMWXa05tj1j9fecwb8VIUkIEtO7ej0OaB4bhFcOm0FpMLdsYiMfpgDPUqiaSfKDmK6sG6jdX4R9DwDB0aYbSVJh7C9DMhtB9v0nD"
"Seed Metering Plate","","Rotary plate with adjustable holes for different seed sizes.","mechanical","3d_printed",1,0.75,0.75,"undefined"
"Seed Sowing Servo Mount","","Bracket to mount the servo motor controlling the seed plate.","mechanical","3d_printed",1,0.50,0.50,"undefined"
"Seed Drop Funnel","","Funnel to guide seeds from the metering plate to the soil.","mechanical","3d_printed",1,1.00,1.00,"undefined"
"Rotary Encoder Wheel Mount","","Mounting bracket for the rotary encoder, attached to a drive wheel.","mechanical","3d_printed",1,0.40,0.40,"undefined"
"Tilling Blade","Small Garden Tiller Blade","Metal blade for ploughing/tilling the soil.","mechanical","mechanism",1,15.00,15.00,"https://www.amazon.com/s?k=small+tiller+blade"
"Plough Actuator Mount","","Bracket to mount the linear actuator to the chassis.","mechanical","3d_printed",1,1.80,1.80,"undefined"
"Tilling Blade Attachment","","Adapter to connect the tilling blade to the linear actuator rod.","mechanical","3d_printed",1,0.60,0.60,"undefined"
"Plough Limit Switch Mount","","Mount for the limit switch to detect plough depth.","mechanical","3d_printed",1,0.30,0.30,"undefined"
"Spraying Liquid Tank","Small Plastic Water Tank","Tank to hold pesticide/fertilizer liquid for spraying.","mechanical","structural",1,10.00,10.00,"https://s.click.aliexpress.com/s/fwx308cRD9Eny963e3KDdYxyIpNj8TXVr7saiF9Um5rMUg1kZtJALLnfa2LNXtiVgnxdD8Og6MmvwBoxhnSYQGM6r0c08U4TfX8DFGo7vviCuu3q62Q60OAhRZcqm3G8PtwM69xY7TOEWRrvulP5ukZQ4uQbBBtaVsdr6EffAqVmp3O5GyUANU2DoA3dJufNhDfh7KOlLgKIvRVhDxRESHLmea6fTE26gLUqKEUuuizJiLENrCbax94DZHDu8WhaXM9vQ86gzlqceNPO5w3vwXm4VrBF3x2lAMEl06wgNdTSMiT7cNG4HIdW0JxhmjuOKG8mTA1dfaRqsnekyV3Ej4mbivTUd4pziDBf2Y6C8u0Wv1Tj6JNMusKxuc27fu04XvrovcyDr2eqi1Uk8pDgDOmJCa30LjxzMRBZzcgFm983uZXvroSXNswvbfR9B7magvYwBQ3tcvTAaBNj1eWHzNlOQnwOKkU7ka9uBkWi8DggPKPdDeVuH2LV8aBAGYRrqfF86FqP2Ifkb6ekcLb3oQlWVTyoJ3VEV9dHcDrESXPkApreLFtCJubAY1fu2RKxDHhpMq3BezljyXsrN7B350qNFq6CyUm8miSpRTNWcrecQycXp1zNtmC8YcCJOlnC8CMFMJTBb4IAoKl6eu62RH7gdOHbLP7smovCYfhDXVdic3h4Me9dX6ZAaNuWySsgij6LzsbTfMcB6BU1FwZfv1PcDqdPKBERdjGS0txXCecym8XuJQRnCnwCWlDhIJsc8IqFeXQdT7IqFFNJHAGNk4ZgsSDzOYbvMu1k4OB2lBLPfPKA6hIrMu1qeh4dLbOGcCldbJp0dBf8Nhxfyr91bhXa2H2gwUfnwPXfJ4932jnTpavXRUzsi3HOS3O7xqrA1EZ6gzUAnTd9F7r9ndPc7sfSz8TEoYbx3ymtI8yMRQZdmKmU2p1LGqAOCUCS61PYdO1XijauC6Iei0iP4n"
"Spraying Nozzle","Adjustable Spray Nozzle","Nozzle for dispensing liquid in a fine spray.","mechanical","mechanism",1,5.00,5.00,"https://s.click.aliexpress.com/s/fwx308cRD9Eny963e3KDdYxyIpNj8TXVr7saiF9Um5rMUg1kZtJALLnfa2LNXtiVgnxdD8Og6MmvwBoxhnSYQGM6r0c08U4TfX8DFGo7vviCuu3q62Q60OAhRZcqm3G8PtwM69xY7TOEWRrvulP5ukZQ4uQbBBtaVsdr6EffAqVmp3O5GyUANU2DoA3dJufNhDfh7KOlLgKIvRVhDxRESHLmea6fTE26gLUqKEUuuizJiLENrCbax94DZHDu8WhaXM9vQ86gzlqceNPO5w3vwXm4VrBF3x2lAMEl06wgNdTSMiT7cNG4HIdW0JxR2YAppiIrXtYmEgFCuklEysnUzj4u6kDVwMXcRyKM1ieKKPFvLmaYTsrXO3gCwkAgBrMky6ol2ERi7gY70PwWknI1xXpI4avW4nfvFX5vXODhsVAkpz4x3OTJiucSWHPzCCkBpTgO1XgOKtRUzxNofTH1ojoRLs3IDWpkfybVfhPVunXiCZup0kGmO8cj0MclwZji2HpT1F7gkqFCsNMQvHjlC67LnOHZQWwZxn2NrznD8yAScTQRuvCJ42VQMlGTIMSmN0Y8HsNc2fDcK4OCWefed7aU0nmyxOqI9nTUbe8mxUtKkDk8DDHs5cebNTwi5CseejWwOYQbf23oAVUuztUeHBtRLMRinHHs3bUIaIHAytGXosYSJQWd9N1FI1wGkbDQAVPUARWPZRnvu6u0Vd05Udwl4FyWblIuSm1sWgTYHyOPGp2AOspvwjsRLOXVzwGquCl0TP39G8zKvpvjJ84SEBkzpYxXlRw0Fi1ZxoRV87lBwPimTc4LturVHdkIV8r788iOaVNWtMC94H5WuVSk59W7dtESau6G5itupQQSD9Ehj1SQtGKhwwnEGI794kUAziaXTQjD4UHrOeCbiFDE4Fc6xp58H7XDVFxODKc1Hmof6dO2vGIWVpIghponW9IYT3Kjue8OaOiZqLR8Ir"
"Water Pump Mount","","Bracket to mount the diaphragm water pump.","mechanical","3d_printed",1,0.70,0.70,"undefined"
"Solenoid Valve Mount","","Bracket to mount the spraying solenoid valve.","mechanical","3d_printed",1,0.50,0.50,"undefined"
"Water Hose Connectors","Small Hose Connectors","Connectors for attaching hoses to pump, valve, and nozzle.","mechanical","misc",4,1.00,4.00,"https://www.amazon.com/dp/B0FWD4PJG2?tag=blueprintam-20&linkCode=osi&th=1&psc=1"
"Water Hose Tubing","PVC Clear Tubing 6mm ID","Flexible tubing for the spraying system.","mechanical","misc",1,5.00,5.00,"https://www.amazon.com/s?k=pvc+tubing+6mm+id"
"Soil Moisture Sensor Housing","","Protective housing for the soil moisture sensor, allowing it to be inserted into soil.","mechanical","3d_printed",1,0.80,0.80,"undefined"
"Ultrasonic Sensor Mount","","Mounting bracket for the ultrasonic sensor, forward facing.","mechanical","3d_printed",1,0.45,0.45,"undefined"
"M3 Screws Assortment","M3 Hex Socket Cap Screw Assortment","Various M3 screws for general assembly.","mechanical","misc",1,10.00,10.00,"https://s.click.aliexpress.com/s/fwx308cRD9Eny963e3KDdYxyIpNj8TXVr7saiF9Um5rMUg1kZtJALLnfa2LNXtiVgnxdD8Og6MmvwBoxhnSYQGM6r0c08U4TfX8DFGo7vviCuu3q62Q60OAhRZcqm3G8PtwM69xY7TOEWRrvulP5ukZQ4uQbBBtaVsdr6EffAqVmp3O5GyUANU2DoA3dJufNhDfh7KOlLgKIvRVhDxRESHLmea6fTE26gLUqKEUuuizJiLENrCbax94DZHDu8WhaXM9vQ86gzlqceNPO5w3vwXm4VrBF3x2lAMEl06wgNdTSMiT7cNG4HIdW0JyaDxyFwYUQLXe3R7bQTJgcIfzNTpVhrBXoyHjRpVHcA6P1M7ZWCLauqBh1A7NLidZb37tJ5kzluxM5551x3JgAFIDtFdFfc4ylm29YuvmXOOT5KMOzfwlAEKYgisax0bl1FWyhSC0QXfJelowUWjAEqm9PIi06mrpZupLxKMw4Kh2eGi2BVM7a8LJdbdl43g57CGaXNRQ5l7Y2zh2R0iU03yccBWMfXuWFHBd6WBbbCMVc3dSNgKO2ieRuaAg9UnVCdm2ydMOXuXsKazfTDLAl03KSMK6Em9ec0uRug1HcyCoSreB5L5bkXg6jAHvPEqf1nAdpAAoog6oOVQfpTC1O1rOxNTIczCgkCX1VpjOu4GPn2u581L4RzOtSzZn9VP7h16Fq3KKOckfhnUYy3iDFNT4x9cAOmzg8CsAXJyM6K7GZNikB0PPWQDB5m2CJQWuKGXnSvFhZrM8WJzx3BJTWv1lawn0Q97PQP1ES61YDbw29vPcsTiQNJjUcsYQo6hVingqqboXHPZBQ0sDXgN5YITD49mESGetrj3N6Cgil66QGbf6RLK6Ho3yoDjoRR9nebvyMv8JGLYO8TSkYXbAWjWNyZXvoYaXSR2m37bGNIzVow1YlEs4vqiE3xjO8riQoUAS5q2sHNGAV4oL2Pp6E1l"
"M3 Nuts","M3 Hex Nuts","M3 nuts for fastening screws.","mechanical","misc",100,0.02,2.00,"https://www.amazon.com/dp/B0F9FC4563?tag=blueprintam-20&linkCode=osi&th=1&psc=1"
"M3 Standoffs","M3 Brass Standoffs Assortment","Brass standoffs for mounting PCBs and creating spacing.","mechanical","misc",20,0.25,5.00,"https://www.amazon.com/dp/B0FBMFBQHQ?tag=blueprintam-20&linkCode=osi&th=1&psc=1"
"Main Controller ESP32 Mount","","Standoff bracket sized to the Main Controller ESP32's mounting hole pattern. M2.5 holes for board fasteners; vented underside for airflow.","mechanical","3d_printed",1,2.00,2.00,""
"Motor Driver L298N Mount","","Adapter plate for the Motor Driver L298N that bolts to the main chassis with M3 hardware. Includes wire-routing channels.","mechanical","3d_printed",1,2.00,2.00,""
"Pump Relay Module Mount","","Adapter plate for the Pump Relay Module that bolts to the main chassis with M3 hardware. Includes wire-routing channels.","mechanical","3d_printed",1,2.00,2.00,""
"GPS Module Mount","","Adapter plate for the GPS Module that bolts to the main chassis with M3 hardware. Includes wire-routing channels.","mechanical","3d_printed",1,2.00,2.00,""